clause_text,true_category,predicted_category,confidence
"Either party hereto may terminate this Agreement after the Initial Period upon at least six (6) months' prior written notice to the other party thereof. The Company may terminate this Agreement in accordance with the immediately preceding sentence but with less than six (6) months' prior written notice to Contractor; provided, that in such event, the Company shall pay Contractor an amount equal to the Termination Fee.",Liquidated Damages,Termination For Convenience,0.6097
CytoDyn shall have the right to terminate this Agreement in its entirety upon written notice to Vyera on the occurrence of any of the following:,other_clause,Termination For Convenience,0.6068
"In addition to and without limiting any other provision of this Agreement, if a Change of Control occurs at any time during the Term, PFHOF shall have the right to terminate this Agreement immediately upon giving notice of such termination to the Village Media Company.",other_clause,Termination For Convenience,0.5842
Either Party may terminate this Agreement:,other_clause,Termination For Convenience,0.5275
"To the extent that the Village Media Company and PFHOF work collaboratively on media projects, the EP's services on such projects for the benefit of PFHOF shall be charged to PFHOF at cost without markup.",other_clause,Revenue/Profit Sharing,0.5241
"The Professional hereby grants to the Company the exclusive and worldwide right to use her name, likeness, image and personal identification, singly or in any combination, during the Term and for a period of six (6) months after the Term as provided in Section 2.8, in the creation of two (2) print advertisements per year and one (1) television advertisement per year (together, the ""Advertisements"") for any golf equipment, along with all rights in any images, videos, advertisement copy or other materials created by the Professional or others.",Post-Termination Services,other_clause,0.5157
"The Professional hereby grants an exclusive, worldwide license to the Company to use the name, likeness, image and personal identification of the Professional, during the Term and for a period of six (6) months after the Term as provided in Section 2.8, in connection with the creation, manufacture, marketing, sale and promotion of the Products.",Post-Termination Services,other_clause,0.5156
The Term will be 3 years from Effective Date with an automatic 2 year term extensions unless otherwise advised by one of the Parties.,Notice Period To Terminate Renewal,Renewal Term,0.5099
"The Agreement shall continue through the project's in-service date and for a period of fifteen (15) years after the project's in-service date (""Initial Term"").",other_clause,Renewal Term,0.5055
"The term of this Agreement shall commence on July 19, 1999 and shall ---- thereafter continue until all above described Sponsor benefits are completed, but in no event beyond the end of the 1999 season (the ""Term"").",other_clause,Renewal Term,0.505
"Upon expiration of the Initial Term, this Agreement shall automatically renew for consecutive one (1) year periods, unless terminated by Reseller within sixty (60) days prior to the expiration of the Initial Term or any renewal term, as the case may be (the Initial Term and each renewal term, collectively, the ""Term"").",Notice Period To Terminate Renewal,Renewal Term,0.4896
"The term of this Agreement shall begin on January 1, 2000 and continue for an initial period of five (5) years unless earlier terminated in accordance with Section 7 hereof, and may be renewed under Section 8 hereof (the initial period plus any renewal period, the ""Term"").",other_clause,Renewal Term,0.4893
"In the event that Excite has not delivered XXXXXXXXXXXXXXXXXXXXX clickthroughs to the Client

Site by end of the additional four-month period, Client may terminate this Agreement immediately upon delivery of written notice to Excite.",other_clause,Termination For Convenience,0.4884
"The Professional hereby grants to the Company the worldwide right during the Term and for a period of six (6) months after the Term as provided in Section 2.8 to use, reproduce, print, publish, distribute, broadcast, modify, edit, condense, or expand any materials containing her name, image, likeness or personal identification that are created hereunder.",Post-Termination Services,other_clause,0.4874
"The Services Term of this Agreement shall be automatically renewed for successive two-year terms thereafter unless written notice is given by either party to the other, indicating that party's intention not to renew the Services Term of this Agreement, at least ninety (90) days prior to the end of the initial Services Term or any renewed Services Term.",Notice Period To Terminate Renewal,Renewal Term,0.481
"At the end of such initial term, and any renewed term, as applicable, this Agreement shall automatically renew for an additional one (1) year term, unless a party provides written notice to the other parties at least six (6) months prior to the end of the",Notice Period To Terminate Renewal,Renewal Term,0.4765
Upon the termination of this Agreement by either party:,Post-Termination Services,Termination For Convenience,0.4752
"Thereafter this Agreement will automatically be renewed for successive additional periods of one year, unless either party gives notice of cancellation on or before October 1 of any such year.",Notice Period To Terminate Renewal,Renewal Term,0.465
"fully replace Shipper's original volume commitment as submitted in its Capacity Request Form in Exhibit C, Shipper will reimburse MPL for Shipper's pro rata portion of actual and committed Construction Costs, plus, an administrative fee of ten (10) percent of said costs (such reimbursement is hereinafter referred to as the ""Construction Cost Reimbursement"").",Liquidated Damages,Revenue/Profit Sharing,0.4625
This Agreement shall commence on the Effective Date and shall be valid for a period of five (5) years with automatic renewal of one year thereafter until terminated,Notice Period To Terminate Renewal,Renewal Term,0.4599
