document_id,source_file,page,clause_id,ground_truth_category,ground_truth_label,predicted_cuad_category,predicted_unified_label,confidence,risk_level,clause_text_snippet
IND_CLAUSE_TYPE_GUIDE,Clause%20Type.pdf,1,IND_CT_SEC_1_BAD,NON-COMPETE CLAUSES,other_consumer_risk,other_clause,other_clause,0.4521,HIGH,Employee shall not work in any competing business anywhere in India for 5 years after leaving the company.
IND_CLAUSE_TYPE_GUIDE,Clause%20Type.pdf,1,IND_CT_SEC_1_GOOD,NON-COMPETE CLAUSES,other_consumer_risk,other_clause,other_clause,0.2756,LOW,"Employee shall not work for direct competitors in [City] for 12 months following termination, limited to the role of [sp"
IND_CLAUSE_TYPE_GUIDE,Clause%20Type.pdf,2,IND_CT_SEC_2_BAD,TERMINATION CLAUSES,termination,Termination For Convenience,termination,0.9694,HIGH,Company may terminate this agreement at any time without notice or reason.
IND_CLAUSE_TYPE_GUIDE,Clause%20Type.pdf,2,IND_CT_SEC_2_GOOD,TERMINATION CLAUSES,termination,Termination For Convenience,termination,0.7727,LOW,Either party may terminate with 30 days written notice. Company shall pay all dues within 7 days of termination.
IND_CLAUSE_TYPE_GUIDE,Clause%20Type.pdf,3,IND_CT_SEC_3_BAD,INDEMNITY CLAUSES,other_consumer_risk,other_clause,other_clause,0.4061,HIGH,"Vendor shall indemnify Company for all losses, damages, costs of any nature without any limit."
IND_CLAUSE_TYPE_GUIDE,Clause%20Type.pdf,4,IND_CT_SEC_3_GOOD,INDEMNITY CLAUSES,other_consumer_risk,other_clause,other_clause,0.3893,LOW,Employee shall maintain confidentiality of proprietary business information for a period of 3 years post-employment. Thi
IND_CLAUSE_TYPE_GUIDE,Clause%20Type.pdf,5,IND_CT_SEC_5_BAD,INTELLECTUAL PROPERTY ASSIGNMENT CLAUSES,unmapped,other_clause,other_clause,0.4534,HIGH,"All ideas, inventions, and creations by the employee, whether during or outside working hours, belong entirely to the Co"
IND_CLAUSE_TYPE_GUIDE,Clause%20Type.pdf,5,IND_CT_SEC_5_GOOD,INTELLECTUAL PROPERTY ASSIGNMENT CLAUSES,unmapped,other_clause,other_clause,0.3496,LOW,"All work product, inventions, or developments created by the Employee in the course of their employment and using Compan"
IND_CLAUSE_TYPE_GUIDE,Clause%20Type.pdf,6,IND_CT_SEC_7_BAD,DISPUTE RESOLUTION CLAUSES,unmapped,other_clause,other_clause,0.4232,HIGH,Any disputes will be settled in courts.
IND_CLAUSE_TYPE_GUIDE,Clause%20Type.pdf,7,IND_CT_SEC_7_GOOD,DISPUTE RESOLUTION CLAUSES,unmapped,other_clause,other_clause,0.5831,LOW,Any dispute arising out of or in connection with this Agreement shall first be attempted to be resolved through mediatio
IND_CLAUSE_TYPE_GUIDE,Clause%20Type.pdf,8,IND_CT_SEC_8_BAD,FORCE MAJEURE CLAUSES,unmapped,other_clause,other_clause,0.5082,HIGH,Neither party shall be liable for failure to perform due to circumstances beyond their control.
IND_CLAUSE_TYPE_GUIDE,Clause%20Type.pdf,8,IND_CT_SEC_8_GOOD,FORCE MAJEURE CLAUSES,unmapped,Termination For Convenience,termination,0.3201,LOW,Neither party shall be held liable for delay or failure in performance caused by events beyond reasonable control includ
IND_RISKY_PATTERNS,Risky%20Patterns%20clause.pdf,2,SEC_1_PAT_1,SECTION 1: NON-COMPETE CLAUSES,other_consumer_risk,other_clause,other_clause,0.4829,HIGH,Employee shall not compete anywhere in India for 2 years.
IND_RISKY_PATTERNS,Risky%20Patterns%20clause.pdf,2,SEC_1_PAT_2,SECTION 1: NON-COMPETE CLAUSES,other_consumer_risk,Post-Termination Services,post_termination,0.4258,HIGH,Employee agrees not to join any competitor after termination.
IND_RISKY_PATTERNS,Risky%20Patterns%20clause.pdf,2,SEC_1_PAT_3,SECTION 1: NON-COMPETE CLAUSES,other_consumer_risk,other_clause,other_clause,0.3426,HIGH,"For 5 years after leaving, employee shall not contact any client of the company."
IND_RISKY_PATTERNS,Risky%20Patterns%20clause.pdf,2,SEC_1_PAT_4,SECTION 1: NON-COMPETE CLAUSES,other_consumer_risk,other_clause,other_clause,0.4704,HIGH,Employee shall not work in any technology company for 2 years.
IND_RISKY_PATTERNS,Risky%20Patterns%20clause.pdf,3,SEC_2_PAT_1,SECTION 2: TERMINATION CLAUSES,termination,other_clause,other_clause,0.3984,HIGH,"For 2 years after leaving, you shall not hire any employee of the company."
IND_RISKY_PATTERNS,Risky%20Patterns%20clause.pdf,3,SEC_2_PAT_2,SECTION 2: TERMINATION CLAUSES,termination,Termination For Convenience,termination,0.9624,HIGH,Company may terminate this agreement immediately at any time without notice.
IND_RISKY_PATTERNS,Risky%20Patterns%20clause.pdf,4,SEC_2_PAT_1,SECTION 2: TERMINATION CLAUSES,termination,Termination For Convenience,termination,0.8369,HIGH,Either party may terminate with 3 days notice.
IND_RISKY_PATTERNS,Risky%20Patterns%20clause.pdf,4,SEC_2_PAT_2,SECTION 2: TERMINATION CLAUSES,termination,Termination For Convenience,termination,0.7274,HIGH,Company reserves the right to terminate at any time. Vendor cannot terminate without company approval.
IND_RISKY_PATTERNS,Risky%20Patterns%20clause.pdf,4,SEC_2_PAT_3,SECTION 2: TERMINATION CLAUSES,termination,Post-Termination Services,post_termination,0.4415,HIGH,"Upon termination for any reason, company shall not be liable for any pending payments."
IND_RISKY_PATTERNS,Risky%20Patterns%20clause.pdf,4,SEC_2_PAT_4,SECTION 2: TERMINATION CLAUSES,termination,Post-Termination Services,post_termination,0.5223,HIGH,"Upon termination, company may immediately seize all work product and equipment without notice."
IND_RISKY_PATTERNS,Risky%20Patterns%20clause.pdf,5,SEC_3_PAT_1,SECTION 3: INDEMNITY CLAUSES,other_consumer_risk,Termination For Convenience,termination,0.4207,HIGH,Company can terminate with 7 days notice. Vendor must give 90 days notice.
IND_RISKY_PATTERNS,Risky%20Patterns%20clause.pdf,5,SEC_3_PAT_2,SECTION 3: INDEMNITY CLAUSES,other_consumer_risk,other_clause,other_clause,0.2778,HIGH,This agreement automatically terminates if either party becomes insolvent.
IND_RISKY_PATTERNS,Risky%20Patterns%20clause.pdf,5,SEC_3_PAT_3,SECTION 3: INDEMNITY CLAUSES,other_consumer_risk,other_clause,other_clause,0.3147,HIGH,Three minor breaches shall constitute grounds for immediate termination.
IND_RISKY_PATTERNS,Risky%20Patterns%20clause.pdf,6,SEC_3_PAT_1,SECTION 3: INDEMNITY CLAUSES,other_consumer_risk,other_clause,other_clause,0.4423,HIGH,"Vendor shall indemnify Company for all losses, damages, costs and expenses of any nature whatsoever without any limit."
IND_RISKY_PATTERNS,Risky%20Patterns%20clause.pdf,6,SEC_3_PAT_2,SECTION 3: INDEMNITY CLAUSES,other_consumer_risk,other_clause,other_clause,0.417,HIGH,Vendor shall indemnify Company. Company shall have no indemnity obligation to Vendor.
IND_RISKY_PATTERNS,Risky%20Patterns%20clause.pdf,6,SEC_3_PAT_3,SECTION 3: INDEMNITY CLAUSES,other_consumer_risk,other_clause,other_clause,0.6351,HIGH,"Indemnity includes direct, indirect, consequential, punitive, special and incidental damages."
IND_RISKY_PATTERNS,Risky%20Patterns%20clause.pdf,7,SEC_3_PAT_1,SECTION 3: INDEMNITY CLAUSES,other_consumer_risk,other_clause,other_clause,0.6032,HIGH,Vendor shall indemnify Company against any third party intellectual property claims of any kind.
IND_RISKY_PATTERNS,Risky%20Patterns%20clause.pdf,7,SEC_3_PAT_2,SECTION 3: INDEMNITY CLAUSES,other_consumer_risk,Post-Termination Services,post_termination,0.5647,HIGH,Indemnity obligations shall survive termination of this agreement indefinitely.
IND_RISKY_PATTERNS,Risky%20Patterns%20clause.pdf,7,SEC_3_PAT_3,SECTION 3: INDEMNITY CLAUSES,other_consumer_risk,other_clause,other_clause,0.4033,HIGH,Vendor shall indemnify Company for all regulatory compliance failures.
IND_RISKY_PATTERNS,Risky%20Patterns%20clause.pdf,7,SEC_3_PAT_4,SECTION 3: INDEMNITY CLAUSES,other_consumer_risk,other_clause,other_clause,0.4497,HIGH,Indemnity includes all legal fees and defense costs.
IND_RISKY_PATTERNS,Risky%20Patterns%20clause.pdf,8,SEC_4_PAT_1,SECTION 4: LIABILITY LIMITATION CLAUSES,liability_limitation,other_clause,other_clause,0.7102,HIGH,Neither party limits its liability under this agreement.
IND_RISKY_PATTERNS,Risky%20Patterns%20clause.pdf,8,SEC_4_PAT_2,SECTION 4: LIABILITY LIMITATION CLAUSES,liability_limitation,other_clause,other_clause,0.6112,HIGH,Company shall not be liable for any loss or damage of any kind arising from this agreement.
IND_RISKY_PATTERNS,Risky%20Patterns%20clause.pdf,9,SEC_5_PAT_1,SECTION 5: CONFIDENTIALITY AND NDA CLAUSES,unmapped,other_clause,other_clause,0.5959,HIGH,"Company shall not be liable even in cases of gross negligence, willful misconduct or fraud."
IND_RISKY_PATTERNS,Risky%20Patterns%20clause.pdf,9,SEC_5_PAT_2,SECTION 5: CONFIDENTIALITY AND NDA CLAUSES,unmapped,other_clause,other_clause,0.317,HIGH,All claims must be raised within 30 days of the incident.
IND_RISKY_PATTERNS,Risky%20Patterns%20clause.pdf,9,SEC_5_PAT_3,SECTION 5: CONFIDENTIALITY AND NDA CLAUSES,unmapped,other_clause,other_clause,0.5225,HIGH,Company is not liable for any data breach or loss of client data.
IND_RISKY_PATTERNS,Risky%20Patterns%20clause.pdf,10,SEC_5_PAT_1,SECTION 5: CONFIDENTIALITY AND NDA CLAUSES,unmapped,other_clause,other_clause,0.5017,HIGH,The receiving party shall keep all information confidential forever.
IND_RISKY_PATTERNS,Risky%20Patterns%20clause.pdf,10,SEC_5_PAT_2,SECTION 5: CONFIDENTIALITY AND NDA CLAUSES,unmapped,other_clause,other_clause,0.5147,HIGH,All information shared in any form including verbal conversations is confidential.
IND_RISKY_PATTERNS,Risky%20Patterns%20clause.pdf,10,SEC_5_PAT_3,SECTION 5: CONFIDENTIALITY AND NDA CLAUSES,unmapped,other_clause,other_clause,0.4172,HIGH,Breach of confidentiality shall be treated as a criminal offence.
IND_RISKY_PATTERNS,Risky%20Patterns%20clause.pdf,11,SEC_6_PAT_1,SECTION 6: ARBITRATION CLAUSES,unmapped,other_clause,other_clause,0.4761,HIGH,Vendor shall keep all Company information confidential. Company has no obligation regarding Vendor information.
IND_RISKY_PATTERNS,Risky%20Patterns%20clause.pdf,11,SEC_6_PAT_2,SECTION 6: ARBITRATION CLAUSES,unmapped,other_clause,other_clause,0.3927,HIGH,Confidentiality agreement with no provision for returning or destroying confidential documents on termination.
IND_RISKY_PATTERNS,Risky%20Patterns%20clause.pdf,12,SEC_6_PAT_1,SECTION 6: ARBITRATION CLAUSES,unmapped,other_clause,other_clause,0.3889,HIGH,All disputes shall be resolved by arbitration in Singapore under SIAC rules.
IND_RISKY_PATTERNS,Risky%20Patterns%20clause.pdf,12,SEC_6_PAT_2,SECTION 6: ARBITRATION CLAUSES,unmapped,other_clause,other_clause,0.3663,HIGH,Disputes shall be resolved by arbitration.
IND_RISKY_PATTERNS,Risky%20Patterns%20clause.pdf,13,SEC_7_PAT_1,SECTION 7: INTELLECTUAL PROPERTY CLAUSES,unmapped,other_clause,other_clause,0.3663,HIGH,Disputes shall be resolved by institutional arbitration.
IND_RISKY_PATTERNS,Risky%20Patterns%20clause.pdf,14,SEC_7_PAT_1,SECTION 7: INTELLECTUAL PROPERTY CLAUSES,unmapped,other_clause,other_clause,0.5322,HIGH,Vendor assigns all IP including pre-existing IP and tools to Company.
IND_RISKY_PATTERNS,Risky%20Patterns%20clause.pdf,15,SEC_7_PAT_1,SECTION 7: INTELLECTUAL PROPERTY CLAUSES,unmapped,other_clause,other_clause,0.3856,HIGH,IP assignment is irrevocable and survives termination regardless of reason.
IND_RISKY_PATTERNS,Risky%20Patterns%20clause.pdf,15,SEC_7_PAT_2,SECTION 7: INTELLECTUAL PROPERTY CLAUSES,unmapped,other_clause,other_clause,0.5158,HIGH,Company has unlimited license to use all vendor tools for any purpose.
IND_RISKY_PATTERNS,Risky%20Patterns%20clause.pdf,15,SEC_7_PAT_3,SECTION 7: INTELLECTUAL PROPERTY CLAUSES,unmapped,other_clause,other_clause,0.5426,HIGH,Vendor must warrant their IP but company provides no warranty about materials they provide to vendor.
IND_RISKY_PATTERNS,Risky%20Patterns%20clause.pdf,16,SEC_8_PAT_1,SECTION 8: GOVERNING LAW AND JURISDICTION CLAUSES,unmapped,other_clause,other_clause,0.6309,HIGH,This agreement shall be governed by the laws of England and Wales.
IND_RISKY_PATTERNS,Risky%20Patterns%20clause.pdf,17,SEC_9_PAT_1,SECTION 9: PAYMENT CLAUSES,penalty,other_clause,other_clause,0.5758,HIGH,Courts at Delhi shall have non-exclusive jurisdiction.
IND_RISKY_PATTERNS,Risky%20Patterns%20clause.pdf,17,SEC_9_PAT_2,SECTION 9: PAYMENT CLAUSES,penalty,other_clause,other_clause,0.318,HIGH,Payment shall be made within 90 days of invoice.
IND_RISKY_PATTERNS,Risky%20Patterns%20clause.pdf,18,SEC_9_PAT_1,SECTION 9: PAYMENT CLAUSES,penalty,other_clause,other_clause,0.3186,HIGH,Company may withhold payment at its sole discretion if it is dissatisfied with work quality.
IND_RISKY_PATTERNS,Risky%20Patterns%20clause.pdf,18,SEC_9_PAT_2,SECTION 9: PAYMENT CLAUSES,penalty,other_clause,other_clause,0.3903,HIGH,Contract with payment terms but no mention of interest for late payment.
IND_RISKY_PATTERNS,Risky%20Patterns%20clause.pdf,18,SEC_9_PAT_3,SECTION 9: PAYMENT CLAUSES,penalty,other_clause,other_clause,0.3882,HIGH,Payment shall be made only after client approval which may take unlimited time.
IND_RISKY_PATTERNS,Risky%20Patterns%20clause.pdf,19,SEC_10_PAT_1,SECTION 10: FORCE MAJEURE CLAUSES,unmapped,other_clause,other_clause,0.5481,HIGH,"Force majeure includes market fluctuations, supply chain issues, and inability to find staff."
IND_RISKY_PATTERNS,Risky%20Patterns%20clause.pdf,19,SEC_10_PAT_2,SECTION 10: FORCE MAJEURE CLAUSES,unmapped,other_clause,other_clause,0.4316,HIGH,Force majeure clause with no obligation to notify other party within specific time.
IND_RISKY_PATTERNS,Risky%20Patterns%20clause.pdf,20,SEC_11_PAT_1,SECTION 11: AUTO-RENEWAL CLAUSES,automatic_renewal,other_clause,other_clause,0.5772,HIGH,Force majeure expressly excludes pandemic and epidemic events.
IND_RISKY_PATTERNS,Risky%20Patterns%20clause.pdf,20,SEC_11_PAT_2,SECTION 11: AUTO-RENEWAL CLAUSES,automatic_renewal,Renewal Term,automatic_renewal,0.809,HIGH,This agreement shall automatically renew for successive one year terms unless terminated.
IND_RISKY_PATTERNS,Risky%20Patterns%20clause.pdf,21,SEC_12_PAT_1,SECTION 12: DATA PROTECTION CLAUSES,unmapped,Revenue/Profit Sharing,revenue_sharing,0.3332,HIGH,"On auto-renewal, fees shall increase by 20% automatically."
IND_RISKY_PATTERNS,Risky%20Patterns%20clause.pdf,21,SEC_12_PAT_2,SECTION 12: DATA PROTECTION CLAUSES,unmapped,Renewal Term,automatic_renewal,0.4741,HIGH,Agreement auto-renews for 3 year terms.
IND_RISKY_PATTERNS,Risky%20Patterns%20clause.pdf,21,SEC_12_PAT_3,SECTION 12: DATA PROTECTION CLAUSES,unmapped,other_clause,other_clause,0.5053,HIGH,Contract involving personal data with no mention of data protection responsibilities.
IND_RISKY_PATTERNS,Risky%20Patterns%20clause.pdf,22,SEC_12_PAT_1,SECTION 12: DATA PROTECTION CLAUSES,unmapped,other_clause,other_clause,0.4153,HIGH,Company may share user data with group companies and third parties for any purpose.
IND_RISKY_PATTERNS,Risky%20Patterns%20clause.pdf,22,SEC_12_PAT_2,SECTION 12: DATA PROTECTION CLAUSES,unmapped,other_clause,other_clause,0.5039,HIGH,Company is not liable for any loss arising from unauthorized access to data.
IND_CONTRACT_ACT_1872,Indian%20Contract%20Act%201872%28ENG%29.pdf,1,Section_1,Statutory Provision: Short title,unmapped,other_clause,other_clause,0.4873,STATUTE,"Section 1 (Short title): Extent. Commencement. Saving. 2. Interpretation-clause.  CHAPTER I OF THE COMMUNICATION, ACCEPT"
IND_CONTRACT_ACT_1872,Indian%20Contract%20Act%201872%28ENG%29.pdf,1,Section_6,Statutory Provision: Revocation how made,unmapped,other_clause,other_clause,0.3894,STATUTE,"Section 6 (Revocation how made): 7. Acceptance must be absolute. 8. Acceptance by performing conditions, or receiving co"
IND_CONTRACT_ACT_1872,Indian%20Contract%20Act%201872%28ENG%29.pdf,1,Section_14,"Statutory Provision: ""Free consent"" defined",unmapped,other_clause,other_clause,0.4037,STATUTE,"Section 14 (""Free consent"" defined): 15. ""Coercion"" defined. 16. ""Undue influence"" defined. 17. ""Fraud"" defined. 18. ""Mi"
IND_CONTRACT_ACT_1872,Indian%20Contract%20Act%201872%28ENG%29.pdf,2,Section_23,"Statutory Provision: What considerations and objects are lawful, and what not",unmapped,other_clause,other_clause,0.3242,STATUTE,"Section 23 (What considerations and objects are lawful, and what not): Void agreements 24. Agreement void, if considerat"
IND_CONTRACT_ACT_1872,Indian%20Contract%20Act%201872%28ENG%29.pdf,2,Section_29,Statutory Provision: Agreements void for uncertainty,unmapped,other_clause,other_clause,0.3018,STATUTE,"Section 29 (Agreements void for uncertainty): 30. Agreements by way of wager, void. Exception in favour of certain prize"
IND_CONTRACT_ACT_1872,Indian%20Contract%20Act%201872%28ENG%29.pdf,2,Section_36,Statutory Provision: Agreement contingent on impossible events void,unmapped,other_clause,other_clause,0.3601,STATUTE,Section 36 (Agreement contingent on impossible events void): CHAPTER IV OF THE PERFORMANCE OF CONTRACTS Contracts which 
IND_CONTRACT_ACT_1872,Indian%20Contract%20Act%201872%28ENG%29.pdf,3,Section_42,Statutory Provision: Devolution of joint liabilities,unmapped,other_clause,other_clause,0.3515,STATUTE,Section 42 (Devolution of joint liabilities): 43. Any one of joint promisors may be compelled to perform. Each promisor 
IND_CONTRACT_ACT_1872,Indian%20Contract%20Act%201872%28ENG%29.pdf,3,Section_50,Statutory Provision: Performance in manner or at time prescribed or sanctioned by promisee,unmapped,other_clause,other_clause,0.3246,STATUTE,Section 50 (Performance in manner or at time prescribed or sanctioned by promisee): Performance of reciprocal promises 5
IND_CONTRACT_ACT_1872,Indian%20Contract%20Act%201872%28ENG%29.pdf,3,Section_57,"Statutory Provision: Reciprocal promise to do things legal, and also other things illegal",unmapped,other_clause,other_clause,0.3801,STATUTE,"Section 57 (Reciprocal promise to do things legal, and also other things illegal): 58. Alternative promise, one branch b"
IND_CONTRACT_ACT_1872,Indian%20Contract%20Act%201872%28ENG%29.pdf,3,Section_66,Statutory Provision: Mode of communicating or revoking rescission of voidable contract,unmapped,other_clause,other_clause,0.3556,STATUTE,Section 66 (Mode of communicating or revoking rescission of voidable contract): 67. Effect of neglect of promisee to aff
IND_CONTRACT_ACT_1872,Indian%20Contract%20Act%201872%28ENG%29.pdf,4,Section_68,"Statutory Provision: Claim for necessaries supplied to person incapable of contracting, or on his account",unmapped,other_clause,other_clause,0.3081,STATUTE,"Section 68 (Claim for necessaries supplied to person incapable of contracting, or on his account): 69. Reimbursement of "
IND_CONTRACT_ACT_1872,Indian%20Contract%20Act%201872%28ENG%29.pdf,4,Section_76,Statutory Provision: [Repealed,unmapped,other_clause,other_clause,0.4379,STATUTE,Section 76 ([Repealed): ]. 77. [Repealed.]. 78. [Repealed.]. 79. [Repealed.]. 80. [Repealed.]. 81. [Repealed.]. 82. [Rep
IND_CONTRACT_ACT_1872,Indian%20Contract%20Act%201872%28ENG%29.pdf,4,Section_87,Statutory Provision: [Repealed,unmapped,other_clause,other_clause,0.4728,STATUTE,Section 87 ([Repealed): ]. 88. [Repealed.]. 89. [Repealed.]. [DELIVERY.][Repealed.]. 90. Repealed.]. 91. [Repealed.]. 92
IND_CONTRACT_ACT_1872,Indian%20Contract%20Act%201872%28ENG%29.pdf,4,Section_96,Statutory Provision: [Repealed,unmapped,other_clause,other_clause,0.3519,STATUTE,Section 96 ([Repealed): ]. 97. [Repealed.]. 98. [Repealed.] [STOPPAGE IN TRANSIT.][Repealed.].  99. [Repealed.]. 100. [R
IND_CONTRACT_ACT_1872,Indian%20Contract%20Act%201872%28ENG%29.pdf,5,Section_102,Statutory Provision: [Repealed,unmapped,other_clause,other_clause,0.6127,STATUTE,Section 102 ([Repealed): ]. 103. [Repealed.]. 104. [Repealed.]. 105. [Repealed.]. 106. [Repealed.]. [RESALE.][Repealed.]
IND_CONTRACT_ACT_1872,Indian%20Contract%20Act%201872%28ENG%29.pdf,5,Section_110,Statutory Provision: [Repealed,unmapped,other_clause,other_clause,0.3461,STATUTE,Section 110 ([Repealed): ]. 111. [Repealed.]. 112. [Repealed.]. 113. [Repealed.]. 114. [Repealed.]. 115. [Repealed.]. 11
IND_CONTRACT_ACT_1872,Indian%20Contract%20Act%201872%28ENG%29.pdf,5,Section_120,Statutory Provision: [Repealed,unmapped,other_clause,other_clause,0.395,STATUTE,Section 120 ([Repealed): ]. 121. [Repealed.]. 122. [Repealed.]. 123. [Repealed.].  CHAPTERVIII OF INDEMNITY AND GUARANTE
IND_CONTRACT_ACT_1872,Indian%20Contract%20Act%201872%28ENG%29.pdf,5,Section_128,Statutory Provision: Surety's liability,unmapped,other_clause,other_clause,0.3966,STATUTE,"Section 128 (Surety's liability): 129. ""Continuing guarantee"". 130. Revocation of continuing guarantee. 131. Revocation "
IND_CONTRACT_ACT_1872,Indian%20Contract%20Act%201872%28ENG%29.pdf,6,Section_139,Statutory Provision: Discharge of surety of creditor's act or omission impairing surety's eventual remedy,unmapped,other_clause,other_clause,0.5056,STATUTE,Section 139 (Discharge of surety of creditor's act or omission impairing surety's eventual remedy): 140. Rights of suret
IND_CONTRACT_ACT_1872,Indian%20Contract%20Act%201872%28ENG%29.pdf,6,Section_148,"Statutory Provision: ""Bailment"", ""bailor"" and ""bailee"" defined",unmapped,other_clause,other_clause,0.4521,STATUTE,"Section 148 (""Bailment"", ""bailor"" and ""bailee"" defined): 149. Delivery to bailee how made. 150. Bailor's duty to disclos"
IND_CONTRACT_ACT_1872,Indian%20Contract%20Act%201872%28ENG%29.pdf,6,Section_160,Statutory Provision: Return of goods bailed on expiration of time or accomplishment of purpose,unmapped,other_clause,other_clause,0.3347,STATUTE,Section 160 (Return of goods bailed on expiration of time or accomplishment of purpose): 161. Bailee's responsibility wh
IND_CONTRACT_ACT_1872,Indian%20Contract%20Act%201872%28ENG%29.pdf,6,Section_171,"Statutory Provision: General lien of bankers, factors, wharfingers, attorneys and policy",unmapped,other_clause,other_clause,0.5056,STATUTE,"Section 171 (General lien of bankers, factors, wharfingers, attorneys and policy): brokers. Bailments of pledges 172. ""P"
IND_CONTRACT_ACT_1872,Indian%20Contract%20Act%201872%28ENG%29.pdf,7,Section_174,Statutory Provision: Pawnee not to retain for debt or promise other than that for which goods pledged,unmapped,other_clause,other_clause,0.3806,STATUTE,Section 174 (Pawnee not to retain for debt or promise other than that for which goods pledged): Presumption in case of s
IND_CONTRACT_ACT_1872,Indian%20Contract%20Act%201872%28ENG%29.pdf,7,Section_182,"Statutory Provision: ""Agent"" and ""principal"" defined",unmapped,other_clause,other_clause,0.4495,STATUTE,"Section 182 (""Agent"" and ""principal"" defined): 183. Who may employ agent. 184. Who may be an agent. 185. Consideration n"
IND_CONTRACT_ACT_1872,Indian%20Contract%20Act%201872%28ENG%29.pdf,7,Section_193,Statutory Provision: Agent's responsibility for sub,unmapped,other_clause,other_clause,0.457,STATUTE,Section 193 (Agent's responsibility for sub): agent appointed without authority. 194. Relation between principal and per
IND_CONTRACT_ACT_1872,Indian%20Contract%20Act%201872%28ENG%29.pdf,8,Section_201,Statutory Provision: Termination of agency,unmapped,Post-Termination Services,post_termination,0.331,STATUTE,"Section 201 (Termination of agency): 202. Termination of agency, where agent has an interest in subject-matter. 203. Whe"
IND_CONTRACT_ACT_1872,Indian%20Contract%20Act%201872%28ENG%29.pdf,8,Section_212,Statutory Provision: Skill and diligence required from agent,unmapped,other_clause,other_clause,0.4087,STATUTE,Section 212 (Skill and diligence required from agent): 213. Agent's accounts. 214. Agent's duty to communicate with prin
IND_CONTRACT_ACT_1872,Indian%20Contract%20Act%201872%28ENG%29.pdf,8,Section_222,Statutory Provision: Agent to be indemnified against consequences of lawful acts,unmapped,other_clause,other_clause,0.4446,STATUTE,Section 222 (Agent to be indemnified against consequences of lawful acts): 223. Agent to be indemnified against conseque
IND_CONTRACT_ACT_1872,Indian%20Contract%20Act%201872%28ENG%29.pdf,8,Section_232,Statutory Provision: Performance of contract with agent supposed to be principal,unmapped,other_clause,other_clause,0.4899,STATUTE,Section 232 (Performance of contract with agent supposed to be principal): 233. Right of person dealing with agent perso
IND_CONTRACT_ACT_1872,Indian%20Contract%20Act%201872%28ENG%29.pdf,9,Section_235,Statutory Provision: Liability of pretended agent,unmapped,other_clause,other_clause,0.4866,STATUTE,Section 235 (Liability of pretended agent): 236. Person falsely contracting as agent not entitled to performance. 237. L
IND_CONTRACT_ACT_1872,Indian%20Contract%20Act%201872%28ENG%29.pdf,9,Section_244,Statutory Provision: [Repealed,unmapped,other_clause,other_clause,0.4524,STATUTE,Section 244 ([Repealed): ]. 245. [Repealed.]. 246. [Repealed.]. 247. [Repealed.]. 248. [Repealed.]. 249. [Repealed.]. 25
IND_CONTRACT_ACT_1872,Indian%20Contract%20Act%201872%28ENG%29.pdf,9,Section_255,Statutory Provision: [Repealed,unmapped,other_clause,other_clause,0.3461,STATUTE,Section 255 ([Repealed): ]. 256. [Repealed.]. 257. [Repealed.]. 258. [Repealed.]. 259. [Repealed.]. 260. [Repealed.]. 26
IND_CONTRACT_ACT_1872,Indian%20Contract%20Act%201872%28ENG%29.pdf,10,Section_2,Statutory Provision: Subs,unmapped,other_clause,other_clause,0.3684,STATUTE,"Section 2 (Subs): by Act 3 of 1951, s. 3 and Sch., for ""except Part B States."" 3. The words ""except the State of Jammu a"
IND_CONTRACT_ACT_1872,Indian%20Contract%20Act%201872%28ENG%29.pdf,11,Section_4,Statutory Provision: Communication when complete,unmapped,other_clause,other_clause,0.3819,STATUTE,Section 4 (Communication when complete): --The communication of a proposal is complete when it comes to the knowledge of
IND_CONTRACT_ACT_1872,Indian%20Contract%20Act%201872%28ENG%29.pdf,12,Section_5,Statutory Provision: Revocation of proposals and acceptances,unmapped,Termination For Convenience,termination,0.3468,STATUTE,Section 5 (Revocation of proposals and acceptances): --A proposal may be revoked at any time before the communication of
IND_CONTRACT_ACT_1872,Indian%20Contract%20Act%201872%28ENG%29.pdf,12,Section_8,"Statutory Provision: Acceptance by performing conditions, or receiving consideration",unmapped,other_clause,other_clause,0.3792,STATUTE,"Section 8 (Acceptance by performing conditions, or receiving consideration): --Performance of the conditions of a propos"
IND_CONTRACT_ACT_1872,Indian%20Contract%20Act%201872%28ENG%29.pdf,13,Section_10,Statutory Provision: What agreements are contracts,unmapped,other_clause,other_clause,0.3517,STATUTE,Section 10 (What agreements are contracts): --All agreements are contracts if they are made by the free consent of parti
IND_CONTRACT_ACT_1872,Indian%20Contract%20Act%201872%28ENG%29.pdf,13,Section_13,"Statutory Provision: ""Consent"" defined",unmapped,other_clause,other_clause,0.2875,STATUTE,"Section 13 (""Consent"" defined): --Two or more persons are said to consent when they agree upon the same thing in the sam"
IND_CONTRACT_ACT_1872,Indian%20Contract%20Act%201872%28ENG%29.pdf,14,Section_17,"Statutory Provision: ""Fraud"" defined",unmapped,other_clause,other_clause,0.3269,STATUTE,"Section 17 (""Fraud"" defined): --""Fraud"" means and includes any of the following acts committed by a party to a contract,"
IND_CONTRACT_ACT_1872,Indian%20Contract%20Act%201872%28ENG%29.pdf,15,Section_18,"Statutory Provision: ""Misrepresentation"" defined",unmapped,other_clause,other_clause,0.3419,STATUTE,"Section 18 (""Misrepresentation"" defined): --""Misrepresentation"" means and includes-- (1) the positive assertion, in a ma"
IND_CONTRACT_ACT_1872,Indian%20Contract%20Act%201872%28ENG%29.pdf,16,Section_21,Statutory Provision: Effect of mistakes as to law,unmapped,other_clause,other_clause,0.4143,STATUTE,Section 21 (Effect of mistakes as to law): --A contract is not voidable because it was caused by a mistake as to any law
IND_CONTRACT_ACT_1872,Indian%20Contract%20Act%201872%28ENG%29.pdf,16,Section_22,Statutory Provision: Contract caused by mistake of one party as to matter of fact,unmapped,other_clause,other_clause,0.3439,STATUTE,Section 22 (Contract caused by mistake of one party as to matter of fact): --A contract is not voidable merely because i
IND_CONTRACT_ACT_1872,Indian%20Contract%20Act%201872%28ENG%29.pdf,18,Section_26,"Statutory Provision: Agreement in restraint of marriage, void",unmapped,other_clause,other_clause,0.3667,STATUTE,"Section 26 (Agreement in restraint of marriage, void): --Every agreement in restraint of the marriage of any person, oth"
IND_CONTRACT_ACT_1872,Indian%20Contract%20Act%201872%28ENG%29.pdf,19,Section_30,Statutory Provision: Agreements by way of wager void,unmapped,other_clause,other_clause,0.3867,STATUTE,Section 30 (Agreements by way of wager void): --Agreements by way of wager are void; and no suit shall be brought for re
IND_CONTRACT_ACT_1872,Indian%20Contract%20Act%201872%28ENG%29.pdf,20,Section_31,"Statutory Provision: ""Contingent contract"" defined",unmapped,other_clause,other_clause,0.2836,STATUTE,"Section 31 (""Contingent contract"" defined): --A ""contingent contract is a contract to do or not to do something, if some"
IND_CONTRACT_ACT_1872,Indian%20Contract%20Act%201872%28ENG%29.pdf,20,Section_33,Statutory Provision: Enforcement of contracts contingent on an event not happening,unmapped,Liquidated Damages,penalty,0.2947,STATUTE,Section 33 (Enforcement of contracts contingent on an event not happening): --Contingent contracts to do or not to do an
IND_CONTRACT_ACT_1872,Indian%20Contract%20Act%201872%28ENG%29.pdf,21,Section_38,Statutory Provision: Effect of refusal to accept offer of performance,unmapped,other_clause,other_clause,0.3321,STATUTE,Section 38 (Effect of refusal to accept offer of performance): --Where a promisor has made an offer of performance to th
IND_CONTRACT_ACT_1872,Indian%20Contract%20Act%201872%28ENG%29.pdf,22,Section_39,Statutory Provision: Effect of refusal of party to perform promise wholly,unmapped,Revenue/Profit Sharing,revenue_sharing,0.2507,STATUTE,"Section 39 (Effect of refusal of party to perform promise wholly): --When a party to a contract has refused to perform, "
IND_CONTRACT_ACT_1872,Indian%20Contract%20Act%201872%28ENG%29.pdf,22,Section_41,Statutory Provision: Effect of accepting performance from third person,unmapped,other_clause,other_clause,0.377,STATUTE,Section 41 (Effect of accepting performance from third person): --When a promisee accepts performance of the promise fro
IND_CONTRACT_ACT_1872,Indian%20Contract%20Act%201872%28ENG%29.pdf,23,Section_45,Statutory Provision: Devolution of joint rights,unmapped,other_clause,other_clause,0.3978,STATUTE,"Section 45 (Devolution of joint rights): --When a person has made a promise to two or more persons jointly, then, unless"
IND_CONTRACT_ACT_1872,Indian%20Contract%20Act%201872%28ENG%29.pdf,23,Section_48,Statutory Provision: Application for performance on certain day to be at proper time and place,unmapped,other_clause,other_clause,0.2711,STATUTE,Section 48 (Application for performance on certain day to be at proper time and place): --When a promise is to be perfor
IND_CONTRACT_ACT_1872,Indian%20Contract%20Act%201872%28ENG%29.pdf,25,Section_53,Statutory Provision: Liability of party preventing event on which the contract is to take effect,unmapped,Liquidated Damages,penalty,0.2274,STATUTE,Section 53 (Liability of party preventing event on which the contract is to take effect): --When a contract contains rec
IND_CONTRACT_ACT_1872,Indian%20Contract%20Act%201872%28ENG%29.pdf,25,Section_55,"Statutory Provision: Effect of failure to perform at fixed time, in contract in which time is essential",unmapped,Liquidated Damages,penalty,0.2597,STATUTE,"Section 55 (Effect of failure to perform at fixed time, in contract in which time is essential): --When a party to a con"
IND_CONTRACT_ACT_1872,Indian%20Contract%20Act%201872%28ENG%29.pdf,26,Section_56,Statutory Provision: Agreement to do impossible act,unmapped,other_clause,other_clause,0.3242,STATUTE,Section 56 (Agreement to do impossible act): --An agreement to do an act impossible in itself is void. Contract to do an
IND_CONTRACT_ACT_1872,Indian%20Contract%20Act%201872%28ENG%29.pdf,26,Section_58,"Statutory Provision: Alternative promise, one branch being illegal",unmapped,Liquidated Damages,penalty,0.2548,STATUTE,"Section 58 (Alternative promise, one branch being illegal): --In the case of an alternative promise, one branch of which"
IND_CONTRACT_ACT_1872,Indian%20Contract%20Act%201872%28ENG%29.pdf,27,Section_60,Statutory Provision: Application of payment where debt to be discharged is not indicated,unmapped,other_clause,other_clause,0.2178,STATUTE,Section 60 (Application of payment where debt to be discharged is not indicated): --Where the debtor has omitted to inti
IND_CONTRACT_ACT_1872,Indian%20Contract%20Act%201872%28ENG%29.pdf,27,Section_63,Statutory Provision: Promisee may dispense with or remit performance of promisee,unmapped,other_clause,other_clause,0.242,STATUTE,"Section 63 (Promisee may dispense with or remit performance of promisee): --Every promisee may dispense with or remit, w"
IND_CONTRACT_ACT_1872,Indian%20Contract%20Act%201872%28ENG%29.pdf,27,Section_64,Statutory Provision: Consequences of rescission of voidable contract,unmapped,other_clause,other_clause,0.2211,STATUTE,Section 64 (Consequences of rescission of voidable contract): --When a person at whose option a contract is voidable res
IND_CONTRACT_ACT_1872,Indian%20Contract%20Act%201872%28ENG%29.pdf,31,Section_74,Statutory Provision: Compensation for breach of contract where penalty stipulated for,unmapped,Liquidated Damages,penalty,0.438,STATUTE,"Section 74 (Compensation for breach of contract where penalty stipulated for): --1[When a contract has been broken, if a"
IND_CONTRACT_ACT_1872,Indian%20Contract%20Act%201872%28ENG%29.pdf,32,Section_80,Statutory Provision: [Completion of sale of goods which the seller is to put into state in which buyer is to take them,unmapped,other_clause,other_clause,0.3171,STATUTE,Section 80 ([Completion of sale of goods which the seller is to put into state in which buyer is to take them): ] Rep. b
IND_CONTRACT_ACT_1872,Indian%20Contract%20Act%201872%28ENG%29.pdf,32,Section_89,Statutory Provision: [Determination of price not fixed by contract,unmapped,other_clause,other_clause,0.3378,STATUTE,"Section 89 ([Determination of price not fixed by contract): ] Rep. by s. 65,ibid. [DELIVERY.]Rep. by s. 65, ibid. 90. [D"
IND_CONTRACT_ACT_1872,Indian%20Contract%20Act%201872%28ENG%29.pdf,33,Section_91,Statutory Provision: [Effect of delivery to wharfinger or carrier,unmapped,other_clause,other_clause,0.3869,STATUTE,"Section 91 ([Effect of delivery to wharfinger or carrier): ] Rep. by s. 65,ibid. 92. [Effect of part-delivery.] Rep. by "
IND_CONTRACT_ACT_1872,Indian%20Contract%20Act%201872%28ENG%29.pdf,33,Section_99,Statutory Provision: [Power of seller to stop in transit,unmapped,other_clause,other_clause,0.4358,STATUTE,"Section 99 ([Power of seller to stop in transit): ] Rep. by s. 65,ibid. 100.[When goods are to be deemed in transit.] Re"
IND_CONTRACT_ACT_1872,Indian%20Contract%20Act%201872%28ENG%29.pdf,33,Section_108,Statutory Provision: [Title conveyed by seller of goods to buyer,unmapped,other_clause,other_clause,0.44,STATUTE,"Section 108 ([Title conveyed by seller of goods to buyer): ] Rep. by s. 65,ibid. [WARRANTY.] Rep. by s. 65, ibid. 109.[S"
IND_CONTRACT_ACT_1872,Indian%20Contract%20Act%201872%28ENG%29.pdf,33,Section_118,Statutory Provision: [Right of buyer on breach of warranty in respect of goods not ascertained,unmapped,other_clause,other_clause,0.4623,STATUTE,"Section 118 ([Right of buyer on breach of warranty in respect of goods not ascertained): ] Rep. by s. 65,ibid. [MISCELLA"
IND_CONTRACT_ACT_1872,Indian%20Contract%20Act%201872%28ENG%29.pdf,34,Section_126,"Statutory Provision: ""Contract of guarantee"", ""surety"", ""principal debtor"" and ""creditor""",unmapped,other_clause,other_clause,0.2937,STATUTE,"Section 126 (""Contract of guarantee"", ""surety"", ""principal debtor"" and ""creditor""): --A ""contract of guarantee"" is a con"
IND_CONTRACT_ACT_1872,Indian%20Contract%20Act%201872%28ENG%29.pdf,36,Section_137,Statutory Provision: Creditor's forbearance to sue does not discharge surety,unmapped,other_clause,other_clause,0.2601,STATUTE,Section 137 (Creditor's forbearance to sue does not discharge surety): --Mere forbearance on the part of the creditor to
IND_CONTRACT_ACT_1872,Indian%20Contract%20Act%201872%28ENG%29.pdf,37,Section_142,Statutory Provision: Guarantee obtained by misrepresentation invalid,unmapped,other_clause,other_clause,0.3272,STATUTE,Section 142 (Guarantee obtained by misrepresentation invalid): --Any guarantee which has been obtained by means of misre
IND_CONTRACT_ACT_1872,Indian%20Contract%20Act%201872%28ENG%29.pdf,38,Section_144,Statutory Provision: Guarantee on contract that creditor shall not act on it until co,unmapped,Liquidated Damages,penalty,0.3475,STATUTE,Section 144 (Guarantee on contract that creditor shall not act on it until co): surety joins.--Where a person gives a gu
IND_CONTRACT_ACT_1872,Indian%20Contract%20Act%201872%28ENG%29.pdf,38,Section_146,Statutory Provision: Co,unmapped,Revenue/Profit Sharing,revenue_sharing,0.306,STATUTE,Section 146 (Co): sureties liable to contribute equally.--Where two or more persons are co-sureties for the same debt or
IND_CONTRACT_ACT_1872,Indian%20Contract%20Act%201872%28ENG%29.pdf,39,Section_149,Statutory Provision: Delivery to bailee how made,unmapped,other_clause,other_clause,0.3255,STATUTE,Section 149 (Delivery to bailee how made): --The delivery to the bailee may be made by doing anything which has the effe
IND_CONTRACT_ACT_1872,Indian%20Contract%20Act%201872%28ENG%29.pdf,39,Section_1151,Statutory Provision: Care to be taken by bailee,unmapped,Post-Termination Services,post_termination,0.3495,STATUTE,Section 1151 (Care to be taken by bailee): --In all cases of bailment the bailee is bound to take as much care of the go
IND_CONTRACT_ACT_1872,Indian%20Contract%20Act%201872%28ENG%29.pdf,39,Section_154,Statutory Provision: Liability of bailee making unauthorized use of goods bailed,unmapped,other_clause,other_clause,0.3864,STATUTE,Section 154 (Liability of bailee making unauthorized use of goods bailed): --If the bailee makes any use of the goods ba
IND_CONTRACT_ACT_1872,Indian%20Contract%20Act%201872%28ENG%29.pdf,40,Section_155,"Statutory Provision: Effect of mixture, with bailor's consent, of his goods with bailee's",unmapped,other_clause,other_clause,0.3588,STATUTE,"Section 155 (Effect of mixture, with bailor's consent, of his goods with bailee's): --If the bailee, with the consent of"
IND_CONTRACT_ACT_1872,Indian%20Contract%20Act%201872%28ENG%29.pdf,40,Section_157,"Statutory Provision: Effect of mixture, without bailor's consent, when the goods cannot be separated",unmapped,other_clause,other_clause,0.2614,STATUTE,"Section 157 (Effect of mixture, without bailor's consent, when the goods cannot be separated): --If the bailee, without "
IND_CONTRACT_ACT_1872,Indian%20Contract%20Act%201872%28ENG%29.pdf,40,Section_1161,Statutory Provision: Bailee's responsibility when goods are not duly returned,unmapped,Post-Termination Services,post_termination,0.2458,STATUTE,"Section 1161 (Bailee's responsibility when goods are not duly returned): --If, by the default of the bailee, the goods a"
IND_CONTRACT_ACT_1872,Indian%20Contract%20Act%201872%28ENG%29.pdf,41,Section_162,Statutory Provision: Termination of gratuitous bailment by death,unmapped,Post-Termination Services,post_termination,0.3218,STATUTE,Section 162 (Termination of gratuitous bailment by death): --A gratuitous bailment is terminated by the death either of 
IND_CONTRACT_ACT_1872,Indian%20Contract%20Act%201872%28ENG%29.pdf,41,Section_170,Statutory Provision: Bailee's particular lien,unmapped,Post-Termination Services,post_termination,0.2882,STATUTE,"Section 170 (Bailee's particular lien): --Where the bailee has, in accordance with the purpose of the bailment, rendered"
IND_CONTRACT_ACT_1872,Indian%20Contract%20Act%201872%28ENG%29.pdf,42,Section_175,Statutory Provision: Pawnee's right as to extraordinary expenses incurred,unmapped,Liquidated Damages,penalty,0.3081,STATUTE,Section 175 (Pawnee's right as to extraordinary expenses incurred): --Thepawnee is entitled to receive from the pawnor e
IND_CONTRACT_ACT_1872,Indian%20Contract%20Act%201872%28ENG%29.pdf,42,Section_178A,Statutory Provision: Pledge by person in possession under voidable contract,unmapped,other_clause,other_clause,0.2567,STATUTE,Section 178A (Pledge by person in possession under voidable contract): --When the pawnor has obtained possession of the 
IND_CONTRACT_ACT_1872,Indian%20Contract%20Act%201872%28ENG%29.pdf,43,Section_179,Statutory Provision: Pledge where pawnor has only a limited interest,unmapped,other_clause,other_clause,0.3621,STATUTE,Section 179 (Pledge where pawnor has only a limited interest): --Where a person pledges goods in which he has only a lim
IND_CONTRACT_ACT_1872,Indian%20Contract%20Act%201872%28ENG%29.pdf,43,Section_183,Statutory Provision: Who may employ agent,unmapped,other_clause,other_clause,0.3515,STATUTE,Section 183 (Who may employ agent): --Any person who is of the age of majority according to the law to which he is subje
IND_CONTRACT_ACT_1872,Indian%20Contract%20Act%201872%28ENG%29.pdf,43,Section_188,Statutory Provision: Extent of agent's authority,unmapped,other_clause,other_clause,0.4097,STATUTE,"Section 188 (Extent of agent's authority): --An agent, having an authority to do an act, has authority to do every lawfu"
IND_CONTRACT_ACT_1872,Indian%20Contract%20Act%201872%28ENG%29.pdf,44,Section_190,Statutory Provision: When agent cannot delegate,unmapped,other_clause,other_clause,0.3347,STATUTE,Section 190 (When agent cannot delegate): --An agent cannot lawfully employ another to perform acts which he has express
IND_CONTRACT_ACT_1872,Indian%20Contract%20Act%201872%28ENG%29.pdf,44,Section_195,Statutory Provision: Agent's duty in naming such person,unmapped,other_clause,other_clause,0.3078,STATUTE,"Section 195 (Agent's duty in naming such person): --In selecting such agent for his principal, an agent is bound to exer"
IND_CONTRACT_ACT_1872,Indian%20Contract%20Act%201872%28ENG%29.pdf,45,Section_196,Statutory Provision: Right of person as to acts done for him without his authority,unmapped,other_clause,other_clause,0.3459,STATUTE,Section 196 (Right of person as to acts done for him without his authority): Effect of ratification.-- Where acts are do
IND_CONTRACT_ACT_1872,Indian%20Contract%20Act%201872%28ENG%29.pdf,46,Section_206,Statutory Provision: Notice of revocation or renunciation,unmapped,Post-Termination Services,post_termination,0.2672,STATUTE,Section 206 (Notice of revocation or renunciation): --Reasonable notice must be given of such revocation or renunciation
IND_CONTRACT_ACT_1872,Indian%20Contract%20Act%201872%28ENG%29.pdf,47,Section_210,Statutory Provision: Termination of sub,unmapped,Post-Termination Services,post_termination,0.4038,STATUTE,Section 210 (Termination of sub): agent's authority.--The termination of the authority of an agent causes the terminatio
IND_CONTRACT_ACT_1872,Indian%20Contract%20Act%201872%28ENG%29.pdf,48,Section_218,Statutory Provision: Agent's duty to pay sums received for principal,unmapped,Revenue/Profit Sharing,revenue_sharing,0.2817,STATUTE,"Section 218 (Agent's duty to pay sums received for principal): --Subject to such deductions, the agent is bound to pay t"
IND_CONTRACT_ACT_1872,Indian%20Contract%20Act%201872%28ENG%29.pdf,48,Section_221,Statutory Provision: Agent's lien on principal's property,unmapped,Post-Termination Services,post_termination,0.2494,STATUTE,"Section 221 (Agent's lien on principal's property): --In the absence of any contract to the contrary, an agent is entitl"
IND_CONTRACT_ACT_1872,Indian%20Contract%20Act%201872%28ENG%29.pdf,49,Section_226,Statutory Provision: Enforcement and consequences of agent's contracts,unmapped,other_clause,other_clause,0.2765,STATUTE,"Section 226 (Enforcement and consequences of agent's contracts): --Contracts entered into through an agent, and obligati"
IND_CONTRACT_ACT_1872,Indian%20Contract%20Act%201872%28ENG%29.pdf,50,Section_227,"Statutory Provision: Principal how far bound, when agent exceeds authority",unmapped,other_clause,other_clause,0.3232,STATUTE,"Section 227 (Principal how far bound, when agent exceeds authority): --When an agent does more than he is authorized to "
IND_CONTRACT_ACT_1872,Indian%20Contract%20Act%201872%28ENG%29.pdf,51,Section_238,"Statutory Provision: Effect, on agreement, of misrepresentation of fraud, by agent",unmapped,other_clause,other_clause,0.3052,STATUTE,"Section 238 (Effect, on agreement, of misrepresentation of fraud, by agent): --Misrepresentation made, or frauds committ"
IND_CONTRACT_ACT_1872,Indian%20Contract%20Act%201872%28ENG%29.pdf,52,Section_239,Statutory Provision: ['Partnership' defined,unmapped,other_clause,other_clause,0.3243,STATUTE,"Section 239 (['Partnership' defined): ] Rep. by s. 73 and the Second Schedule, ibid. 240. [Lender not a partner by advan"
IND_CONTRACT_ACT_1872,Indian%20Contract%20Act%201872%28ENG%29.pdf,52,Section_245,Statutory Provision: [Responsibility of person leading another to believe him a partner,unmapped,other_clause,other_clause,0.3815,STATUTE,Section 245 ([Responsibility of person leading another to believe him a partner): ] Rep. by s. 73 and the Second Schedul
IND_CONTRACT_ACT_1872,Indian%20Contract%20Act%201872%28ENG%29.pdf,52,Section_252,Statutory Provision: [Annulment of contract defining partner's rights and obligations,unmapped,other_clause,other_clause,0.3541,STATUTE,"Section 252 ([Annulment of contract defining partner's rights and obligations): ] Rep. by s. 73 and the Second Schedule,"
IND_CONTRACT_ACT_1872,Indian%20Contract%20Act%201872%28ENG%29.pdf,52,Section_259,"Statutory Provision: [Obligations, to firm, of partner carrying on business",unmapped,other_clause,other_clause,0.3764,STATUTE,"Section 259 ([Obligations, to firm, of partner carrying on business): ] Rep. by s. 73 and the Second Schedule, ibid."
IND_CONTRACT_ACT_1872,Indian%20Contract%20Act%201872%28ENG%29.pdf,53,Section_260,Statutory Provision: [Revocation of continuing guarantee by charge by change in firm,unmapped,other_clause,other_clause,0.2895,STATUTE,"Section 260 ([Revocation of continuing guarantee by charge by change in firm): ] Rep. by the Indian Partnership Act, 193"
IND_CONTRACT_ACT_1872,Indian%20Contract%20Act%201872%28ENG%29.pdf,53,Section_266,Statutory Provision: [Limited,unmapped,other_clause,other_clause,0.3452,STATUTE,"Section 266 ([Limited): liability partnerships, incorporate partnerships, and joint-stock companies.] Rep. by s. 73and t"
